name_image,category_image,image_urls
"Upgrade to,and start creating with exclusive, royalty-free images.",,
A black car driving down a street next to a building,,https://images.unsplash.com/photo-1721682512607-8e6284606f47?fm=jpg&q=60&w=3000&ixlib=rb-4.0.3&ixid=M3wxMjA3fDB8MHxwaG90by1wYWdlfHx8fGVufDB8fHx8fA%3D%3D
A yellow door is on a gray house,,https://images.unsplash.com/photo-1721776726686-eb97e8762b25?fm=jpg&q=60&w=3000&ixlib=rb-4.0.3&ixid=M3wxMjA3fDB8MHxwaG90by1wYWdlfHx8fGVufDB8fHx8fA%3D%3D
A person holding a bunch of flowers in their hand,,https://plus.unsplash.com/premium_photo-1721405381040-10cbc42ee4a5?fm=jpg&q=60&w=3000&ixlib=rb-4.0.3&ixid=M3wxMjA3fDB8MHxwaG90by1wYWdlfHx8fGVufDB8fHx8fA%3D%3D
A person holding a camera up to take a picture,,https://images.unsplash.com/photo-1719937206109-7f4e933230c8?fm=jpg&q=60&w=3000&ixlib=rb-4.0.3&ixid=M3wxMjA3fDB8MHxwaG90by1wYWdlfHx8fGVufDB8fHx8fA%3D%3D
A black car driving through a parking garage,,https://images.unsplash.com/photo-1721340165628-e11887092123?fm=jpg&q=60&w=3000&ixlib=rb-4.0.3&ixid=M3wxMjA3fDB8MHxwaG90by1wYWdlfHx8fGVufDB8fHx8fA%3D%3D
A white and black photo of a radio,,https://images.unsplash.com/photo-1721981036255-2f673a5cf7a5?fm=jpg&q=60&w=3000&ixlib=rb-4.0.3&ixid=M3wxMjA3fDB8MHxwaG90by1wYWdlfHx8fGVufDB8fHx8fA%3D%3D
A black and white photo of a snow covered mountain,,https://images.unsplash.com/photo-1721766827830-961da6ed8c91?fm=jpg&q=60&w=3000&ixlib=rb-4.0.3&ixid=M3wxMjA3fDB8MHxwaG90by1wYWdlfHx8fGVufDB8fHx8fA%3D%3D
a blurry image of a black background with white stars,,https://plus.unsplash.com/premium_photo-1686052206553-b992a8d2a98d?fm=jpg&q=60&w=3000&ixlib=rb-4.0.3&ixid=M3wxMjA3fDB8MHxwaG90by1wYWdlfHx8fGVufDB8fHx8fA%3D%3D
A person sitting at a table with a laptop,,https://images.unsplash.com/photo-1719937206300-fc0dac6f8cac?fm=jpg&q=60&w=3000&ixlib=rb-4.0.3&ixid=M3wxMjA3fDB8MHxwaG90by1wYWdlfHx8fGVufDB8fHx8fA%3D%3D
A person standing on a escalator in a train station,,https://images.unsplash.com/photo-1722053502256-b1fab05c1802?fm=jpg&q=60&w=3000&ixlib=rb-4.0.3&ixid=M3wxMjA3fDB8MHxwaG90by1wYWdlfHx8fGVufDB8fHx8fA%3D%3D
A car driving through a tunnel in the dark,,https://images.unsplash.com/photo-1721340143289-94be4f77cda4?fm=jpg&q=60&w=3000&ixlib=rb-4.0.3&ixid=M3wxMjA3fDB8MHxwaG90by1wYWdlfHx8fGVufDB8fHx8fA%3D%3D
A black door with a white umbrella in front of it,,https://images.unsplash.com/photo-1721856917231-4c619dfdde31?fm=jpg&q=60&w=3000&ixlib=rb-4.0.3&ixid=M3wxMjA3fDB8MHxwaG90by1wYWdlfHx8fGVufDB8fHx8fA%3D%3D
A living room filled with furniture and a large window,,https://plus.unsplash.com/premium_photo-1721936170673-d9804c6248d6?fm=jpg&q=60&w=3000&ixlib=rb-4.0.3&ixid=M3wxMjA3fDB8MHxwaG90by1wYWdlfHx8fGVufDB8fHx8fA%3D%3D
A close up of a bunch of white flowers,,https://images.unsplash.com/photo-1721115160544-42603a50ed24?fm=jpg&q=60&w=3000&ixlib=rb-4.0.3&ixid=M3wxMjA3fDB8MHxwaG90by1wYWdlfHx8fGVufDB8fHx8fA%3D%3D
A large bathroom with a white tiled floor and walls,,https://images.unsplash.com/photo-1721564130772-c9ee561ab87b?fm=jpg&q=60&w=3000&ixlib=rb-4.0.3&ixid=M3wxMjA3fDB8MHxwaG90by1wYWdlfHx8fGVufDB8fHx8fA%3D%3D
A man sitting on a chair holding a cell phone,,https://images.unsplash.com/photo-1720048171080-78849cff8b19?fm=jpg&q=60&w=3000&ixlib=rb-4.0.3&ixid=M3wxMjA3fDB8MHxwaG90by1wYWdlfHx8fGVufDB8fHx8fA%3D%3D
A tall building with lots of windows next to a street,,https://images.unsplash.com/photo-1720451815682-3353b81a6633?fm=jpg&q=60&w=3000&ixlib=rb-4.0.3&ixid=M3wxMjA3fDB8MHxwaG90by1wYWdlfHx8fGVufDB8fHx8fA%3D%3D
A plate with a cinnamon roll on it next to a cup of coffee,,https://plus.unsplash.com/premium_photo-1722002219049-1c41e1a034c8?fm=jpg&q=60&w=3000&ixlib=rb-4.0.3&ixid=M3wxMjA3fDB8MHxwaG90by1wYWdlfHx8fGVufDB8fHx8fA%3D%3D
A person holding a camera with a memory card attached to it,,https://images.unsplash.com/photo-1719937206098-236a481a2b6d?fm=jpg&q=60&w=3000&ixlib=rb-4.0.3&ixid=M3wxMjA3fDB8MHxwaG90by1wYWdlfHx8fGVufDB8fHx8fA%3D%3D
a white wall with a white tile floor,,https://images.unsplash.com/photo-1669428175954-0bcd9efe5dcd?fm=jpg&q=60&w=3000&ixlib=rb-4.0.3&ixid=M3wxMjA3fDB8MHxwaG90by1wYWdlfHx8fGVufDB8fHx8fA%3D%3D
A room with a table and chairs and a potted plant,,https://images.unsplash.com/photo-1721742145342-9aff08c0b7f7?fm=jpg&q=60&w=3000&ixlib=rb-4.0.3&ixid=M3wxMjA3fDB8MHxwaG90by1wYWdlfHx8fGVufDB8fHx8fA%3D%3D
an escalator in a building with a skylight,,https://images.unsplash.com/photo-1691157915037-68576ba139b1?fm=jpg&q=60&w=3000&ixlib=rb-4.0.3&ixid=M3wxMjA3fDB8MHxwaG90by1wYWdlfHx8fGVufDB8fHx8fA%3D%3D
A bunch of white flowers on a blue background,,https://plus.unsplash.com/premium_photo-1721926057308-2aa7ce470776?fm=jpg&q=60&w=3000&ixlib=rb-4.0.3&ixid=M3wxMjA3fDB8MHxwaG90by1wYWdlfHx8fGVufDB8fHx8fA%3D%3D
A woman sitting in front of a laptop computer,,https://images.unsplash.com/photo-1719937206590-6cb10b099e0f?fm=jpg&q=60&w=3000&ixlib=rb-4.0.3&ixid=M3wxMjA3fDB8MHxwaG90by1wYWdlfHx8fGVufDB8fHx8fA%3D%3D
